{
    "$schema": "https://schema.management.azure.com/schemas/2019-04-01/deploymentTemplate.json#",
    "contentVersion": "1.0.0.0",
    "metadata": {
        "title": "",
        "description": "",
        "prerequisites": "",
    "postDeployment": [],
    "prerequisitesDeployTemplateFile": "",
    "lastUpdateTime": "",
"entities": [],
"tags": [],
"support": {
"tier": "community",
"armtemplate": "Generated from https://github.com/Azure/Azure-Sentinel/tree/master/Tools/Playbook-ARM-Template-Generator"
},
"author": {
"name": ""
}
},
"parameters": {
"PlaybookName": {
"defaultValue": "Get-GEOIPdata-tagIncident",
"type": "string"
}
},
"variables": {
"MicrosoftSentinelConnectionName": "[concat('MicrosoftSentinel-', parameters('PlaybookName'))]"
},
"resources": [
{
"properties": {
    "provisioningState": "Succeeded",
    "state": "Enabled",
    "definition": {
        "$schema": "https://schema.management.azure.com/providers/Microsoft.Logic/schemas/2016-06-01/workflowdefinition.json#",
        "contentVersion": "1.0.0.0",
        "parameters": {
            "$connections": {
            "defaultValue": {},
            "type": "Object"
        }
    },
    "triggers": {
        "Microsoft_Sentinel_incident": {
            "type": "ApiConnectionWebhook",
            "inputs": {
                "body": {
                    "callback_url": "@{listCallbackUrl()}"
                },
                "host": {
                    "connection": {
                        "name": "@parameters('$connections')['azuresentinel_1']['connectionId']"
                    }
                },
                "path": "/incident-creation"
            }
        }
    },
    "actions": {
        "Entities_-_Get_IPs": {
        "runAfter": {},
        "type": "ApiConnection",
        "inputs": {
            "body": "@triggerBody()?['object']?['properties']?['relatedEntities']",
            "host": {
                "connection": {
                    "name": "@parameters('$connections')['azuresentinel_1']['connectionId']"
                }
            },
            "method": "post",
            "path": "/entities/ip"
        }
    },
    "Filter_array": {
        "runAfter": {
            "Entities_-_Get_IPs": [
                "Succeeded"
            ]
        },
        "type": "Query",
        "inputs": {
            "from": "@body('Entities_-_Get_IPs')?['IPs']",
            "where": "@equals(item()?['Type'], 'ip')"
        }
    },
    "For_each": {
        "foreach": "@body('Filter_array')",
        "actions": {
            "Add_comment_to_incident_(V3)": {
                "runAfter": {
                    "Update_incident": [
                        "Succeeded"
                    ]
                },
                "type": "ApiConnection",
                "inputs": {
                    "body": {
                        "incidentArmId": "@body('Update_incident')?['id']",
                        "message": "<p>IP-api results for IP address in the incident:IP: @{body('Parse_JSON')?['query']}<br>\nCountry: @{body('Parse_JSON')?['country']}<br>\nCity: @{body('Parse_JSON')?['city']}<br>\nISP: @{body('Parse_JSON')?['isp']}<br>\nOrganization: @{body('Parse_JSON')?['org']}<br>\nAS: @{body('Parse_JSON')?['as']}<br>\n<br>\nhttps://ip-api.com</p>"
                    },
                    "host": {
                        "connection": {
                            "name": "@parameters('$connections')['azuresentinel_1']['connectionId']"
                        }
                    },
                    "method": "post",
                    "path": "/Incidents/Comment"
                }
            },
            "HTTP": {
            "runAfter": {},
            "type": "Http",
            "inputs": {
                "method": "GET",
                "uri": "http://ip-api.com/json/@{items('For_each')?['Address']}"
            }
        },
        "Parse_JSON": {
            "runAfter": {
                "HTTP": [
                    "Succeeded"
                ]
            },
            "type": "ParseJson",
            "inputs": {
                "content": "@body('HTTP')",
                "schema": {
                    "properties": {
                        "as": {
                            "type": "string"
                        },
                        "city": {
                            "type": "string"
                        },
                        "country": {
                            "type": "string"
                        },
                        "countryCode": {
                            "type": "string"
                        },
                        "isp": {
                            "type": "string"
                        },
                        "lat": {
                            "type": "number"
                        },
                        "lon": {
                            "type": "number"
                        },
                        "org": {
                            "type": "string"
                        },
                        "query": {
                            "type": "string"
                        },
                        "region": {
                            "type": "string"
                        },
                        "regionName": {
                            "type": "string"
                        },
                        "status": {
                            "type": "string"
                        },
                        "timezone": {
                            "type": "string"
                        },
                        "zip": {
                            "type": "string"
                        }
                    },
                    "type": "object"
                }
            }
        },
        "Update_incident": {
            "runAfter": {
                "Parse_JSON": [
                    "Succeeded"
                ]
            },
            "type": "ApiConnection",
            "inputs": {
                "body": {
                    "incidentArmId": "@triggerBody()?['object']?['id']",
                    "tagsToAdd": {
                        "TagsToAdd": [
                            {
                                "Tag": "@body('Parse_JSON')?['city']"
                            },
                            {
                                "Tag": "@body('Parse_JSON')?['regionName']"
                            },
                            {
                                "Tag": "@body('Parse_JSON')?['country']"
                            }
                        ]
                    }
                },
                "host": {
                    "connection": {
                        "name": "@parameters('$connections')['azuresentinel']['connectionId']"
                    }
                },
                "method": "put",
                "path": "/Incidents"
            }
        }
    },
    "runAfter": {
        "Filter_array": [
            "Succeeded"
        ]
    },
    "type": "Foreach"
}
},
"outputs": {}
},
"parameters": {
"$connections": {
"value": {
"azuresentinel": {
    "connectionId": "[resourceId('Microsoft.Web/connections', variables('MicrosoftSentinelConnectionName'))]",
    "connectionName": "[variables('MicrosoftSentinelConnectionName')]",
    "id": "[concat('/subscriptions/', subscription().subscriptionId, '/providers/Microsoft.Web/locations/', resourceGroup().location, '/managedApis/Azuresentinel')]",
    "connectionProperties": {
        "authentication": {
            "type": "ManagedServiceIdentity"
        }
    }
},
"azuresentinel_1": {
    "connectionId": "/subscriptions/a1a21640-263b-45e1-9ad1-be5b4e1eb6ad/resourceGroups/5Q-RG-Playbooks/providers/Microsoft.Web/connections/azuresentinel-4",
    "connectionName": "azuresentinel-4",
    "id": "/subscriptions/a1a21640-263b-45e1-9ad1-be5b4e1eb6ad/providers/Microsoft.Web/locations/centralus/managedApis/azuresentinel"
}
}
}
}
},
"name": "[parameters('PlaybookName')]",
"type": "Microsoft.Logic/workflows",
"location": "[resourceGroup().location]",
"tags": {
"hidden-SentinelTemplateName": "Get-GEOIPdata-tagIncident",
"hidden-SentinelTemplateVersion": "1.0"
},
"identity": {
"type": "SystemAssigned"
},
"apiVersion": "2017-07-01",
"dependsOn": [
"[resourceId('Microsoft.Web/connections', variables('MicrosoftSentinelConnectionName'))]"
]
},
{
"type": "Microsoft.Web/connections",
"apiVersion": "2016-06-01",
"name": "[variables('MicrosoftSentinelConnectionName')]",
"location": "[resourceGroup().location]",
"kind": "V1",
"properties": {
"displayName": "[variables('MicrosoftSentinelConnectionName')]",
"customParameterValues": {},
"parameterValueType": "Alternative",
"api": {
"id": "[concat('/subscriptions/', subscription().subscriptionId, '/providers/Microsoft.Web/locations/', resourceGroup().location, '/managedApis/Azuresentinel')]"
}
}
}
]
}
