{
    "$schema": "https://schema.management.azure.com/schemas/2019-04-01/deploymentTemplate.json#",
    "contentVersion": "1.0.0.0",
    "metadata": {
        "title": "",
        "description": "",
        "prerequisites": "",
    "postDeployment": [],
    "prerequisitesDeployTemplateFile": "",
    "lastUpdateTime": "",
"entities": [],
"tags": [],
"support": {
"tier": "community",
"armtemplate": "Generated from https://github.com/Azure/Azure-Sentinel/tree/master/Tools/Playbook-ARM-Template-Generator"
},
"author": {
"name": ""
}
},
"parameters": {
"PlaybookName": {
"defaultValue": "NotifyDataConnectorFail",
"type": "string"
}
},
"variables": {
"MicrosoftSentinelConnectionName": "[concat('MicrosoftSentinel-', parameters('PlaybookName'))]",
"TeamsConnectionName": "[concat('Teams-', parameters('PlaybookName'))]"
},
"resources": [
{
"properties": {
    "provisioningState": "Succeeded",
    "state": "Enabled",
    "definition": {
        "$schema": "https://schema.management.azure.com/providers/Microsoft.Logic/schemas/2016-06-01/workflowdefinition.json#",
        "contentVersion": "1.0.0.0",
        "parameters": {
            "$connections": {
            "defaultValue": {},
            "type": "Object"
        }
    },
    "triggers": {
        "Microsoft_Sentinel_alert": {
            "type": "ApiConnectionWebhook",
            "inputs": {
                "body": {
                    "callback_url": "@{listCallbackUrl()}"
                },
                "host": {
                    "connection": {
                        "name": "@parameters('$connections')['azuresentinel']['connectionId']"
                    }
                },
                "path": "/subscribe"
            }
        }
    },
    "actions": {
        "Alert_-_Get_incident": {
        "runAfter": {},
        "type": "ApiConnection",
        "inputs": {
            "host": {
                "connection": {
                    "name": "@parameters('$connections')['azuresentinel']['connectionId']"
                }
            },
            "method": "get",
            "path": "/Incidents/subscriptions/@{encodeURIComponent(triggerBody()?['WorkspaceSubscriptionId'])}/resourceGroups/@{encodeURIComponent(triggerBody()?['WorkspaceResourceGroup'])}/workspaces/@{encodeURIComponent(triggerBody()?['WorkspaceId'])}/alerts/@{encodeURIComponent(triggerBody()?['SystemAlertId'])}"
        }
    },
    "Post_message_in_a_chat_or_channel": {
        "runAfter": {
            "Alert_-_Get_incident": [
                "Succeeded"
            ]
        },
        "type": "ApiConnection",
        "inputs": {
            "body": {
                "messageBody": "<p>Severity: @{triggerBody()?['Severity']}<br>\nTItle: @{body('Alert_-_Get_incident')?['properties']?['title']}<br>\nStatus: @{body('Alert_-_Get_incident')?['properties']?['status']}<br>\nID: @{body('Alert_-_Get_incident')?['properties']?['incidentNumber']}<br>\nURL: @{body('Alert_-_Get_incident')?['properties']?['incidentUrl']}<br>\n</p>",
                "recipient": {
                    "channelId": "19:e965270be0b74d78bbcd249f0c798346@thread.tacv2",
                    "groupId": "31b9af4e-30d6-4bce-826d-7723dffda48e"
                },
                "subject": "Resource failure: @{body('Alert_-_Get_incident')?['properties']?['title']}"
            },
            "host": {
                "connection": {
                    "name": "@parameters('$connections')['teams']['connectionId']"
                }
            },
            "method": "post",
            "path": "/beta/teams/conversation/message/poster/@{encodeURIComponent('User')}/location/@{encodeURIComponent('Channel')}"
        }
    }
},
"outputs": {}
},
"parameters": {
"$connections": {
"value": {
    "azuresentinel": {
        "connectionId": "[resourceId('Microsoft.Web/connections', variables('MicrosoftSentinelConnectionName'))]",
        "connectionName": "[variables('MicrosoftSentinelConnectionName')]",
        "id": "[concat('/subscriptions/', subscription().subscriptionId, '/providers/Microsoft.Web/locations/', resourceGroup().location, '/managedApis/Azuresentinel')]",
        "connectionProperties": {
            "authentication": {
                "type": "ManagedServiceIdentity"
            }
        }
    },
    "teams": {
        "connectionId": "[resourceId('Microsoft.Web/connections', variables('TeamsConnectionName'))]",
        "connectionName": "[variables('TeamsConnectionName')]",
        "id": "[concat('/subscriptions/', subscription().subscriptionId, '/providers/Microsoft.Web/locations/', resourceGroup().location, '/managedApis/Teams')]"
    }
}
}
}
},
"name": "[parameters('PlaybookName')]",
"type": "Microsoft.Logic/workflows",
"location": "[resourceGroup().location]",
"tags": {
"AutomationRule": "Notify-ResourceHealth",
"ATTN": "FINISH-ME!",
"hidden-SentinelTemplateName": "NotifyDataConnectorFail",
"hidden-SentinelTemplateVersion": "1.0"
},
"identity": {
"type": "SystemAssigned"
},
"apiVersion": "2017-07-01",
"dependsOn": [
"[resourceId('Microsoft.Web/connections', variables('MicrosoftSentinelConnectionName'))]",
"[resourceId('Microsoft.Web/connections', variables('TeamsConnectionName'))]"
]
},
{
"type": "Microsoft.Web/connections",
"apiVersion": "2016-06-01",
"name": "[variables('MicrosoftSentinelConnectionName')]",
"location": "[resourceGroup().location]",
"kind": "V1",
"properties": {
"displayName": "[variables('MicrosoftSentinelConnectionName')]",
"customParameterValues": {},
"parameterValueType": "Alternative",
"api": {
"id": "[concat('/subscriptions/', subscription().subscriptionId, '/providers/Microsoft.Web/locations/', resourceGroup().location, '/managedApis/Azuresentinel')]"
}
}
},
{
"type": "Microsoft.Web/connections",
"apiVersion": "2016-06-01",
"name": "[variables('TeamsConnectionName')]",
"location": "[resourceGroup().location]",
"kind": "V1",
"properties": {
"displayName": "[variables('TeamsConnectionName')]",
"customParameterValues": {},
"api": {
"id": "[concat('/subscriptions/', subscription().subscriptionId, '/providers/Microsoft.Web/locations/', resourceGroup().location, '/managedApis/Teams')]"
}
}
}
]
}
