{
    "$schema": "https://schema.management.azure.com/schemas/2019-04-01/deploymentTemplate.json#",
    "contentVersion": "1.0.0.0",
    "metadata": {
        "title": "",
        "description": "",
        "prerequisites": "",
    "postDeployment": [],
    "prerequisitesDeployTemplateFile": "",
    "lastUpdateTime": "",
"entities": [],
"tags": [],
"support": {
"tier": "community",
"armtemplate": "Generated from https://github.com/Azure/Azure-Sentinel/tree/master/Tools/Playbook-ARM-Template-Generator"
},
"author": {
"name": ""
}
},
"parameters": {
"PlaybookName": {
"defaultValue": "Revoke-AADSignInSessions",
"type": "string"
}
},
"variables": {
"MicrosoftSentinelConnectionName": "[concat('MicrosoftSentinel-', parameters('PlaybookName'))]",
"Office365ConnectionName": "[concat('Office365-', parameters('PlaybookName'))]",
"Office365usersConnectionName": "[concat('Office365users-', parameters('PlaybookName'))]"
},
"resources": [
{
"properties": {
    "provisioningState": "Succeeded",
    "state": "Enabled",
    "definition": {
        "$schema": "https://schema.management.azure.com/providers/Microsoft.Logic/schemas/2016-06-01/workflowdefinition.json#",
        "contentVersion": "1.0.0.0",
        "parameters": {
            "$connections": {
            "defaultValue": {},
            "type": "Object"
        }
    },
    "triggers": {
        "When_a_response_to_an_Azure_Sentinel_alert_is_triggered": {
            "type": "ApiConnectionWebhook",
            "inputs": {
                "body": {
                    "callback_url": "@{listCallbackUrl()}"
                },
                "host": {
                    "connection": {
                        "name": "@parameters('$connections')['azuresentinel']['connectionId']"
                    }
                },
                "path": "/subscribe"
            }
        }
    },
    "actions": {
        "Alert_-_Get_incident": {
        "runAfter": {},
        "type": "ApiConnection",
        "inputs": {
            "host": {
                "connection": {
                    "name": "@parameters('$connections')['azuresentinel']['connectionId']"
                }
            },
            "method": "get",
            "path": "/Incidents/subscriptions/@{encodeURIComponent(triggerBody()?['WorkspaceSubscriptionId'])}/resourceGroups/@{encodeURIComponent(triggerBody()?['WorkspaceResourceGroup'])}/workspaces/@{encodeURIComponent(triggerBody()?['WorkspaceId'])}/alerts/@{encodeURIComponent(triggerBody()?['SystemAlertId'])}"
        }
    },
    "Entities_-_Get_Accounts": {
        "runAfter": {
            "Alert_-_Get_incident": [
                "Succeeded"
            ]
        },
        "type": "ApiConnection",
        "inputs": {
            "body": "@triggerBody()?['Entities']",
            "host": {
                "connection": {
                    "name": "@parameters('$connections')['azuresentinel']['connectionId']"
                }
            },
            "method": "post",
            "path": "/entities/account"
        }
    },
    "For_each": {
        "foreach": "@body('Entities_-_Get_Accounts')?['Accounts']",
        "actions": {
            "Add_comment_to_incident_(V3)": {
                "runAfter": {
                    "Send_an_email_(V2)": [
                        "Succeeded"
                    ]
                },
                "type": "ApiConnection",
                "inputs": {
                    "body": {
                        "incidentArmId": "@body('Alert_-_Get_incident')?['id']",
                        "message": "<p>User @{concat(items('For_each')?['Name'], '@', items('for_each')?['UPNSuffix'])} singin sessions were revoked in AAD and their manager @{body('Get_manager_(V2)')?['displayName']} was contacted using playbook.</p>"
                    },
                    "host": {
                        "connection": {
                            "name": "@parameters('$connections')['azuresentinel']['connectionId']"
                        }
                    },
                    "method": "post",
                    "path": "/Incidents/Comment"
                }
            },
            "Get_manager_(V2)": {
                "runAfter": {
                    "HTTP": [
                        "Succeeded"
                    ]
                },
                "type": "ApiConnection",
                "inputs": {
                    "host": {
                        "connection": {
                            "name": "@parameters('$connections')['office365users']['connectionId']"
                        }
                    },
                    "method": "get",
                    "path": "/codeless/v1.0/users/@{encodeURIComponent(concat(items('For_each')?['Name'], '@', items('for_each')?['UPNSuffix']))}/manager"
                }
            },
            "HTTP": {
            "runAfter": {},
            "type": "Http",
            "inputs": {
                "authentication": {
                    "audience": "https://graph.microsoft.com",
                    "type": "ManagedServiceIdentity"
                },
                "method": "POST",
                "uri": "https://graph.microsoft.com/v1.0/users/@{concat(items('For_each')?['Name'], '@', items('for_each')?['UPNSuffix'])}/revokeSignInSessions"
            }
        },
        "Send_an_email_(V2)": {
            "runAfter": {
                "Get_manager_(V2)": [
                    "Succeeded"
                ]
            },
            "type": "ApiConnection",
            "inputs": {
                "body": {
                    "Body": "<p>User, @{concat(items('For_each')?['Name'], '@', items('for_each')?['UPNSuffix'])}, was involved in part of a security incident. &nbsp;As part of remediation, the user signin sessions have been revoked. &nbsp;The user will need to reauthenticate in all applications.</p>",
                    "Subject": "User signin sessions were reset due to security incident.",
                    "To": "@body('Get_manager_(V2)')?['mail']"
                },
                "host": {
                    "connection": {
                        "name": "@parameters('$connections')['office365']['connectionId']"
                    }
                },
                "method": "post",
                "path": "/v2/Mail"
            }
        }
    },
    "runAfter": {
        "Entities_-_Get_Accounts": [
            "Succeeded"
        ]
    },
    "type": "Foreach"
}
},
"outputs": {}
},
"parameters": {
"$connections": {
"value": {
"azuresentinel": {
    "connectionId": "[resourceId('Microsoft.Web/connections', variables('MicrosoftSentinelConnectionName'))]",
    "connectionName": "[variables('MicrosoftSentinelConnectionName')]",
    "id": "[concat('/subscriptions/', subscription().subscriptionId, '/providers/Microsoft.Web/locations/', resourceGroup().location, '/managedApis/Azuresentinel')]",
    "connectionProperties": {
        "authentication": {
            "type": "ManagedServiceIdentity"
        }
    }
},
"office365": {
    "connectionId": "[resourceId('Microsoft.Web/connections', variables('Office365ConnectionName'))]",
    "connectionName": "[variables('Office365ConnectionName')]",
    "id": "[concat('/subscriptions/', subscription().subscriptionId, '/providers/Microsoft.Web/locations/', resourceGroup().location, '/managedApis/Office365')]"
},
"office365users": {
    "connectionId": "[resourceId('Microsoft.Web/connections', variables('Office365usersConnectionName'))]",
    "connectionName": "[variables('Office365usersConnectionName')]",
    "id": "[concat('/subscriptions/', subscription().subscriptionId, '/providers/Microsoft.Web/locations/', resourceGroup().location, '/managedApis/Office365users')]"
}
}
}
}
},
"name": "[parameters('PlaybookName')]",
"type": "Microsoft.Logic/workflows",
"location": "[resourceGroup().location]",
"tags": {
"LogicAppsCategory": "security",
"hidden-SentinelTemplateName": "Revoke-AADSignInSessions",
"hidden-SentinelTemplateVersion": "1.0"
},
"identity": {
"type": "SystemAssigned"
},
"apiVersion": "2017-07-01",
"dependsOn": [
"[resourceId('Microsoft.Web/connections', variables('MicrosoftSentinelConnectionName'))]",
"[resourceId('Microsoft.Web/connections', variables('Office365ConnectionName'))]",
"[resourceId('Microsoft.Web/connections', variables('Office365usersConnectionName'))]"
]
},
{
"type": "Microsoft.Web/connections",
"apiVersion": "2016-06-01",
"name": "[variables('MicrosoftSentinelConnectionName')]",
"location": "[resourceGroup().location]",
"kind": "V1",
"properties": {
"displayName": "[variables('MicrosoftSentinelConnectionName')]",
"customParameterValues": {},
"parameterValueType": "Alternative",
"api": {
"id": "[concat('/subscriptions/', subscription().subscriptionId, '/providers/Microsoft.Web/locations/', resourceGroup().location, '/managedApis/Azuresentinel')]"
}
}
},
{
"type": "Microsoft.Web/connections",
"apiVersion": "2016-06-01",
"name": "[variables('Office365ConnectionName')]",
"location": "[resourceGroup().location]",
"kind": "V1",
"properties": {
"displayName": "[variables('Office365ConnectionName')]",
"customParameterValues": {},
"api": {
"id": "[concat('/subscriptions/', subscription().subscriptionId, '/providers/Microsoft.Web/locations/', resourceGroup().location, '/managedApis/Office365')]"
}
}
},
{
"type": "Microsoft.Web/connections",
"apiVersion": "2016-06-01",
"name": "[variables('Office365usersConnectionName')]",
"location": "[resourceGroup().location]",
"kind": "V1",
"properties": {
"displayName": "[variables('Office365usersConnectionName')]",
"customParameterValues": {},
"api": {
"id": "[concat('/subscriptions/', subscription().subscriptionId, '/providers/Microsoft.Web/locations/', resourceGroup().location, '/managedApis/Office365users')]"
}
}
}
]
}
