{
    "$schema": "https://schema.management.azure.com/schemas/2019-04-01/deploymentTemplate.json#",
    "contentVersion": "1.0.0.0",
    "metadata": {
        "title": "",
        "description": "",
        "prerequisites": "",
    "postDeployment": [],
    "prerequisitesDeployTemplateFile": "",
    "lastUpdateTime": "",
"entities": [],
"tags": [],
"support": {
"tier": "community",
"armtemplate": "Generated from https://github.com/Azure/Azure-Sentinel/tree/master/Tools/Playbook-ARM-Template-Generator"
},
"author": {
"name": ""
}
},
"parameters": {
"PlaybookName": {
"defaultValue": "IdentityProtection-TeamsBotResponse",
"type": "string"
}
},
"variables": {
"AzureadipConnectionName": "[concat('Azureadip-', parameters('PlaybookName'))]",
"MicrosoftSentinelConnectionName": "[concat('MicrosoftSentinel-', parameters('PlaybookName'))]",
"TeamsConnectionName": "[concat('Teams-', parameters('PlaybookName'))]"
},
"resources": [
{
"properties": {
    "provisioningState": "Succeeded",
    "state": "Enabled",
    "definition": {
        "$schema": "https://schema.management.azure.com/providers/Microsoft.Logic/schemas/2016-06-01/workflowdefinition.json#",
        "contentVersion": "1.0.0.0",
        "parameters": {
            "$connections": {
            "defaultValue": {},
            "type": "Object"
        }
    },
    "triggers": {
        "When_a_response_to_an_Azure_Sentinel_alert_is_triggered": {
            "type": "ApiConnectionWebhook",
            "inputs": {
                "body": {
                    "callback_url": "@{listCallbackUrl()}"
                },
                "host": {
                    "connection": {
                        "name": "@parameters('$connections')['azuresentinel_1']['connectionId']"
                    }
                },
                "path": "/subscribe"
            }
        }
    },
    "actions": {
        "Alert_-_Get_incident": {
            "runAfter": {
                "Entities_-_Get_Accounts": [
                    "Succeeded"
                ]
            },
            "type": "ApiConnection",
            "inputs": {
                "host": {
                    "connection": {
                        "name": "@parameters('$connections')['azuresentinel_1']['connectionId']"
                    }
                },
                "method": "get",
                "path": "/Cases/@{encodeURIComponent(triggerBody()?['SystemAlertId'])}/@{encodeURIComponent(triggerBody()?['WorkspaceSubscriptionId'])}/@{encodeURIComponent(triggerBody()?['WorkspaceId'])}/@{encodeURIComponent(triggerBody()?['WorkspaceResourceGroup'])}"
            }
        },
        "Entities_-_Get_Accounts": {
        "runAfter": {},
        "type": "ApiConnection",
        "inputs": {
            "body": "@triggerBody()?['Entities']",
            "host": {
                "connection": {
                    "name": "@parameters('$connections')['azuresentinel_1']['connectionId']"
                }
            },
            "method": "post",
            "path": "/entities/account"
        }
    },
    "For_each": {
        "foreach": "@body('Entities_-_Get_Accounts')?['Accounts']",
        "actions": {
            "Compose_-_Adaptive_card_body": {
                "runAfter": {
                    "Get_risky_user": [
                        "Succeeded",
                        "Failed"
                    ]
                },
                "type": "Compose",
                "inputs": {
                    "$schema": "http://adaptivecards.io/schemas/adaptive-card.json",
                    "actions": [
                        {
                            "data": {
                                "x": "confirm"
                            },
                            "title": "Confirm user as compromised",
                            "type": "Action.Submit"
                        },
                        {
                            "data": {
                                "x": "dismiss"
                            },
                            "title": "Dismiss the risky user",
                            "type": "Action.Submit"
                        },
                        {
                            "data": {
                                "x": "ignore"
                            },
                            "title": "Ignore",
                            "type": "Action.Submit"
                        }
                    ],
                    "body": [
                        {
                            "size": "large",
                            "text": "Suspicious identity - Azure Sentinel",
                            "type": "TextBlock",
                            "weight": "bolder"
                        },
                        {
                            "spacing": "Medium",
                            "text": "@{triggerBody()?['AlertDisplayName']}, by the provider: @{triggerBody()?['ProductName']}",
                            "type": "TextBlock"
                        },
                        {
                            "text": "Full account entity information from Azure Sentinel:",
                            "type": "TextBlock"
                        },
                        {
                            "text": "@{items('For_each')}",
                            "type": "TextBlock"
                        },
                        {
                            "size": "Large",
                            "spacing": "Medium",
                            "text": "AAD Identity Protection Risky user info:",
                            "type": "TextBlock",
                            "weight": "Bolder"
                        },
                        {
                            "text": "Risky user display name: @{body('Get_risky_user')?['userDisplayName']}",
                            "type": "TextBlock"
                        },
                        {
                            "text": "Risky user principal name: @{body('Get_risky_user')?['userPrincipalName']}",
                            "type": "TextBlock"
                        },
                        {
                            "text": "Risk detail: @{body('Get_risky_user')?['riskDetail']}",
                            "type": "TextBlock"
                        },
                        {
                            "text": "Risk state: @{body('Get_risky_user')?['riskState']}",
                            "type": "TextBlock"
                        },
                        {
                            "text": "User risk level:  @{body('Get_risky_user')?['riskLevel']}",
                            "type": "TextBlock"
                        },
                        {
                            "size": "Large",
                            "spacing": "Large",
                            "text": "Respond:",
                            "type": "TextBlock",
                            "weight": "Bolder"
                        },
                        {
                            "size": "Small",
                            "style": "Person",
                            "type": "Image",
                            "url": "https://connectoricons-prod.azureedge.net/releases/v1.0.1391/1.0.1391.2130/azuresentinel/icon.png"
                        },
                        {
                            "text": "Close Azure Sentinel incident?",
                            "type": "TextBlock"
                        },
                        {
                            "choices": [
                                {
                                    "isSelected": true,
                                    "title": "Close incident - False Positive",
                                    "value": "FalsePositive"
                                },
                                {
                                    "title": "Close incident - True Positive",
                                    "value": "TruePositive"
                                },
                                {
                                    "title": "Close incident - Benign Positive",
                                    "value": "BenignPositive"
                                },
                                {
                                    "title": "No",
                                    "value": "no"
                                }
                            ],
                            "id": "incidentStatus",
                            "style": "compact",
                            "type": "Input.ChoiceSet",
                            "value": "BenignPositive"
                        },
                        {
                            "text": "Change Azure Sentinel incident severity?",
                            "type": "TextBlock"
                        },
                        {
                            "choices": [
                                {
                                    "isSelected": true,
                                    "title": "High",
                                    "value": "High"
                                },
                                {
                                    "title": "Medium",
                                    "value": "Medium"
                                },
                                {
                                    "title": "Low",
                                    "value": "Low"
                                },
                                {
                                    "title": "Don't change",
                                    "value": "same"
                                }
                            ],
                            "id": "incidentSeverity",
                            "style": "compact",
                            "type": "Input.ChoiceSet",
                            "value": "High"
                        },
                        {
                            "text": "Respose in Identity Protection:",
                            "type": "TextBlock"
                        },
                        {
                            "size": "Small",
                            "style": "Person",
                            "type": "Image",
                            "url": "https://connectoricons-prod.azureedge.net/releases/v1.0.1400/1.0.1400.2154/azureadip/icon.png"
                        }
                    ],
                    "type": "AdaptiveCard",
                    "version": "1.0"
                }
            },
            "Condition_-_Change_Severity": {
                "actions": {
                    "Change_incident_severity": {
                    "runAfter": {},
                    "type": "ApiConnection",
                    "inputs": {
                        "host": {
                            "connection": {
                                "name": "@parameters('$connections')['azuresentinel_1']['connectionId']"
                            }
                        },
                        "method": "put",
                        "path": "/Case/@{encodeURIComponent(triggerBody()?['WorkspaceSubscriptionId'])}/@{encodeURIComponent(triggerBody()?['WorkspaceId'])}/@{encodeURIComponent(triggerBody()?['WorkspaceResourceGroup'])}/@{encodeURIComponent('Alert')}/@{encodeURIComponent(triggerBody()?['SystemAlertId'])}/Severity/@{encodeURIComponent(body('Post_an_Adaptive_Card_to_a_Teams_channel_and_wait_for_a_response')?['data']?['incidentSeverity'])}"
                    },
                    "description": "The incident severity changes with severity, given from user choice"
                }
            },
            "runAfter": {
                "Condition_-_Close_incident": [
                    "Succeeded"
                ]
            },
            "expression": {
                "and": [
                    {
                        "not": {
                            "equals": [
                                "@body('Post_an_Adaptive_Card_to_a_Teams_channel_and_wait_for_a_response')?['data']?['incidentSeverity']",
                                "same"
                            ]
                        }
                    }
                ]
            },
            "type": "If",
            "description": "True if user chose to change severity, else False"
        },
        "Condition_-_Close_incident": {
            "actions": {
                "Change_incident_status": {
                "runAfter": {},
                "type": "ApiConnection",
                "inputs": {
                    "body": {
                        "CloseReason": "@body('Post_an_Adaptive_Card_to_a_Teams_channel_and_wait_for_a_response')?['data']?['incidentStatus']",
                        "CloseReasonText": "User choice in Sentinel-AADIP playbook"
                    },
                    "host": {
                        "connection": {
                            "name": "@parameters('$connections')['azuresentinel_1']['connectionId']"
                        }
                    },
                    "method": "put",
                    "path": "/Case/@{encodeURIComponent(triggerBody()?['WorkspaceSubscriptionId'])}/@{encodeURIComponent(triggerBody()?['WorkspaceId'])}/@{encodeURIComponent(triggerBody()?['WorkspaceResourceGroup'])}/@{encodeURIComponent('Alert')}/@{encodeURIComponent(triggerBody()?['SystemAlertId'])}/Status/@{encodeURIComponent('Closed')}"
                },
                "description": "The incident is closed with classification reason, given from user choice"
            }
        },
        "runAfter": {
            "Switch": [
                "Succeeded"
            ]
        },
        "expression": {
            "and": [
                {
                    "not": {
                        "equals": [
                            "@body('Post_an_Adaptive_Card_to_a_Teams_channel_and_wait_for_a_response')?['data']?['incidentStatus']",
                            "no"
                        ]
                    }
                }
            ]
        },
        "type": "If",
        "description": "True if user chose to close the incident, else False"
    },
    "Get_risky_user": {
    "runAfter": {},
    "type": "ApiConnection",
    "inputs": {
        "host": {
            "connection": {
                "name": "@parameters('$connections')['azureadip_1']['connectionId']"
            }
        },
        "method": "get",
        "path": "/beta/riskyUsers/@{encodeURIComponent(items('For_each')?['AadUserId'])}"
    },
    "description": "This action uses the AAD user id field in the Account entity. It asks AAD Identity Protection for the risky user object. This action fails if no risky user found, "
},
"Post_an_Adaptive_Card_to_a_Teams_channel_and_wait_for_a_response": {
    "runAfter": {
        "Compose_-_Adaptive_card_body": [
            "Succeeded"
        ]
    },
    "type": "ApiConnectionWebhook",
    "inputs": {
        "body": {
            "body": {
                "messageBody": "@{outputs('Compose_-_Adaptive_card_body')}",
                "recipient": {
                    "channelId": ""
                },
                "shouldUpdateCard": true
            },
            "notificationUrl": "@{listCallbackUrl()}"
        },
        "host": {
            "connection": {
                "name": "@parameters('$connections')['teams']['connectionId']"
            }
        },
        "path": "/flowbot/actions/flowcontinuation/recipienttypes/channel/$subscriptions",
        "queries": {
            "groupId": ""
        }
    }
},
"Switch": {
    "runAfter": {
        "Post_an_Adaptive_Card_to_a_Teams_channel_and_wait_for_a_response": [
            "Succeeded"
        ]
    },
    "cases": {
        "Case_-_confirm": {
            "case": "confirm",
            "actions": {
                "Add_comment_to_incident_(V2)_2": {
                    "runAfter": {
                        "Get_risky_user_2": [
                            "Succeeded",
                            "Failed"
                        ]
                    },
                    "type": "ApiConnection",
                    "inputs": {
                        "body": {
                            "Value": " ** Sentinel to AADIP - Response from Teams playbook update **\n\n<img src = 'https://connectoricons-prod.azureedge.net/releases/v1.0.1400/1.0.1400.2154/azureadip/icon.png' width=\"40\"><h2>Azure AD Identity Protection</h2>\n\n### The user @{body('Get_risky_user_2')?['userDisplayName']} was confirmed as compromised.\n\n## Update risky user information from AADIP:\n* risk detail: @{body('Get_risky_user_2')?['riskDetail']}\n* risk level:@{body('Get_risky_user_2')?['riskLevel']}\n* risk state: @{body('Get_risky_user_2')?['riskState']}\n* risk last update time: @{body('Get_risky_user_2')?['riskLastUpdatedDateTime']}"
                        },
                        "host": {
                            "connection": {
                                "name": "@parameters('$connections')['azuresentinel_1']['connectionId']"
                            }
                        },
                        "method": "put",
                        "path": "/Comment/@{encodeURIComponent(triggerBody()?['WorkspaceSubscriptionId'])}/@{encodeURIComponent(triggerBody()?['WorkspaceId'])}/@{encodeURIComponent(triggerBody()?['WorkspaceResourceGroup'])}/@{encodeURIComponent('Alert')}/@{encodeURIComponent(triggerBody()?['SystemAlertId'])}"
                    }
                },
                "Confirm_a_risky_user_as_compromised": {
                "runAfter": {},
                "type": "ApiConnection",
                "inputs": {
                    "body": {
                        "userIds": [
                            "@items('For_each')?['AadUserId']"
                        ]
                    },
                    "host": {
                        "connection": {
                            "name": "@parameters('$connections')['azureadip_1']['connectionId']"
                        }
                    },
                    "method": "post",
                    "path": "/beta/riskyUsers/confirmCompromised"
                }
            },
            "Get_risky_user_2": {
                "runAfter": {
                    "Confirm_a_risky_user_as_compromised": [
                        "Succeeded"
                    ]
                },
                "type": "ApiConnection",
                "inputs": {
                    "host": {
                        "connection": {
                            "name": "@parameters('$connections')['azureadip_1']['connectionId']"
                        }
                    },
                    "method": "get",
                    "path": "/beta/riskyUsers/@{encodeURIComponent(items('For_each')?['AadUserId'])}"
                }
            }
        }
    },
    "Case_-_dismiss": {
        "case": "dismiss",
        "actions": {
            "Add_comment_to_incident_(V2)_3": {
                "runAfter": {
                    "Get_risky_user_3": [
                        "Succeeded"
                    ]
                },
                "type": "ApiConnection",
                "inputs": {
                    "body": {
                        "Value": "** Sentinel to AADIP - Response from Teams playbook update **\n\n<img src = 'https://connectoricons-prod.azureedge.net/releases/v1.0.1400/1.0.1400.2154/azureadip/icon.png' width=\"40\"><h2>Azure AD Identity Protection</h2>\n\n## The user @{body('Get_risky_user_3')?['userDisplayName']} was dismissed. \n\n### Updated risky user information from AADIP:\n* risk detail: @{body('Get_risky_user_3')?['riskDetail']}\n* risk level:  @{body('Get_risky_user_3')?['riskLevel']}\n* risk state:  @{body('Get_risky_user_3')?['riskState']}\n* risk last update time:  @{body('Get_risky_user_3')?['riskLastUpdatedDateTime']}"
                    },
                    "host": {
                        "connection": {
                            "name": "@parameters('$connections')['azuresentinel_1']['connectionId']"
                        }
                    },
                    "method": "put",
                    "path": "/Comment/@{encodeURIComponent(triggerBody()?['WorkspaceSubscriptionId'])}/@{encodeURIComponent(triggerBody()?['WorkspaceId'])}/@{encodeURIComponent(triggerBody()?['WorkspaceResourceGroup'])}/@{encodeURIComponent('Alert')}/@{encodeURIComponent(triggerBody()?['SystemAlertId'])}"
                }
            },
            "Dismiss_a_risky_user": {
            "runAfter": {},
            "type": "ApiConnection",
            "inputs": {
                "body": {
                    "userIds": [
                        "@body('Get_risky_user')?['id']"
                    ]
                },
                "host": {
                    "connection": {
                        "name": "@parameters('$connections')['azureadip_1']['connectionId']"
                    }
                },
                "method": "post",
                "path": "/beta/riskyUsers/dismiss"
            }
        },
        "Get_risky_user_3": {
            "runAfter": {
                "Dismiss_a_risky_user": [
                    "Succeeded"
                ]
            },
            "type": "ApiConnection",
            "inputs": {
                "host": {
                    "connection": {
                        "name": "@parameters('$connections')['azureadip_1']['connectionId']"
                    }
                },
                "method": "get",
                "path": "/beta/riskyUsers/@{encodeURIComponent(items('For_each')?['AadUserId'])}"
            }
        }
    }
}
},
"expression": "@body('Post_an_Adaptive_Card_to_a_Teams_channel_and_wait_for_a_response')?['data']?['x']",
"type": "Switch"
}
},
"runAfter": {
"Initialize_variable": [
"Succeeded"
]
},
"type": "Foreach",
"description": "This loop iterates the accounts found in the alert",
"runtimeConfiguration": {
"concurrency": {
"repetitions": 1
}
}
},
"Initialize_variable": {
"runAfter": {
"Alert_-_Get_incident": [
"Succeeded"
]
},
"type": "InitializeVariable",
"inputs": {
"variables": [
{
"name": "RiskyUserInformation",
"type": "string"
}
]
}
}
},
"outputs": {}
},
"parameters": {
"$connections": {
"value": {
"azureadip_1": {
"connectionId": "[resourceId('Microsoft.Web/connections', variables('AzureadipConnectionName'))]",
"connectionName": "[variables('AzureadipConnectionName')]",
"id": "[concat('/subscriptions/', subscription().subscriptionId, '/providers/Microsoft.Web/locations/', resourceGroup().location, '/managedApis/Azureadip')]"
},
"azuresentinel_1": {
"connectionId": "[resourceId('Microsoft.Web/connections', variables('MicrosoftSentinelConnectionName'))]",
"connectionName": "[variables('MicrosoftSentinelConnectionName')]",
"id": "[concat('/subscriptions/', subscription().subscriptionId, '/providers/Microsoft.Web/locations/', resourceGroup().location, '/managedApis/Azuresentinel')]",
"connectionProperties": {
"authentication": {
"type": "ManagedServiceIdentity"
}
}
},
"teams": {
"connectionId": "[resourceId('Microsoft.Web/connections', variables('TeamsConnectionName'))]",
"connectionName": "[variables('TeamsConnectionName')]",
"id": "[concat('/subscriptions/', subscription().subscriptionId, '/providers/Microsoft.Web/locations/', resourceGroup().location, '/managedApis/Teams')]"
}
}
}
}
},
"name": "[parameters('PlaybookName')]",
"type": "Microsoft.Logic/workflows",
"location": "[resourceGroup().location]",
"tags": {
"hidden-SentinelTemplateName": "IdentityProtection-TeamsBotResponse",
"hidden-SentinelTemplateVersion": "1.0"
},
"identity": {
"type": "SystemAssigned"
},
"apiVersion": "2017-07-01",
"dependsOn": [
"[resourceId('Microsoft.Web/connections', variables('AzureadipConnectionName'))]",
"[resourceId('Microsoft.Web/connections', variables('MicrosoftSentinelConnectionName'))]",
"[resourceId('Microsoft.Web/connections', variables('TeamsConnectionName'))]"
]
},
{
"type": "Microsoft.Web/connections",
"apiVersion": "2016-06-01",
"name": "[variables('AzureadipConnectionName')]",
"location": "[resourceGroup().location]",
"kind": "V1",
"properties": {
"displayName": "[variables('AzureadipConnectionName')]",
"customParameterValues": {},
"api": {
"id": "[concat('/subscriptions/', subscription().subscriptionId, '/providers/Microsoft.Web/locations/', resourceGroup().location, '/managedApis/Azureadip')]"
}
}
},
{
"type": "Microsoft.Web/connections",
"apiVersion": "2016-06-01",
"name": "[variables('MicrosoftSentinelConnectionName')]",
"location": "[resourceGroup().location]",
"kind": "V1",
"properties": {
"displayName": "[variables('MicrosoftSentinelConnectionName')]",
"customParameterValues": {},
"parameterValueType": "Alternative",
"api": {
"id": "[concat('/subscriptions/', subscription().subscriptionId, '/providers/Microsoft.Web/locations/', resourceGroup().location, '/managedApis/Azuresentinel')]"
}
}
},
{
"type": "Microsoft.Web/connections",
"apiVersion": "2016-06-01",
"name": "[variables('TeamsConnectionName')]",
"location": "[resourceGroup().location]",
"kind": "V1",
"properties": {
"displayName": "[variables('TeamsConnectionName')]",
"customParameterValues": {},
"api": {
"id": "[concat('/subscriptions/', subscription().subscriptionId, '/providers/Microsoft.Web/locations/', resourceGroup().location, '/managedApis/Teams')]"
}
}
}
]
}
