{
    "$schema": "https://schema.management.azure.com/schemas/2019-04-01/deploymentTemplate.json#",
    "contentVersion": "1.0.0.0",
    "metadata": {
        "title": "",
        "description": "",
        "prerequisites": "",
        "postDeployment": [],
        "prerequisitesDeployTemplateFile": "",
        "lastUpdateTime": "",
        "entities": [],
        "tags": [],
        "support": {
            "tier": "community",
            "armtemplate": "Generated from https://github.com/Azure/Azure-Sentinel/tree/master/Tools/Playbook-ARM-Template-Generator"
        },
        "author": {
            "name": "Jake Derkowski"
        }
    },
    "parameters": {
        "PlaybookName": {
            "defaultValue": "Start-CompleteMDEInvestigation",
            "type": "string"
        }
    },
    "variables": {
        "MicrosoftSentinelConnectionName": "[concat('MicrosoftSentinel-', parameters('PlaybookName'))]",
        "WdatpConnectionName": "[concat('Wdatp-', parameters('PlaybookName'))]"
    },
    "resources": [
        {
            "properties": {
                "provisioningState": "Succeeded",
                "state": "Enabled",
                "definition": {
                    "$schema": "https://schema.management.azure.com/providers/Microsoft.Logic/schemas/2016-06-01/workflowdefinition.json#",
                    "contentVersion": "1.0.0.0",
                    "parameters": {
                        "$connections": {
                            "defaultValue": {},
                            "type": "Object"
                        }
                    },
                    "triggers": {
                        "Microsoft_Sentinel_alert": {
                            "type": "ApiConnectionWebhook",
                            "inputs": {
                                "body": {
                                    "callback_url": "@{listCallbackUrl()}"
                                },
                                "host": {
                                    "connection": {
                                        "name": "@parameters('$connections')['azuresentinel_1']['connectionId']"
                                    }
                                },
                                "path": "/subscribe"
                            }
                        }
                    },
                    "actions": {
                        "Alert_-_Get_incident": {
                            "runAfter": {},
                            "type": "ApiConnection",
                            "inputs": {
                                "host": {
                                    "connection": {
                                        "name": "@parameters('$connections')['azuresentinel_1']['connectionId']"
                                    }
                                },
                                "method": "get",
                                "path": "/Incidents/subscriptions/@{encodeURIComponent(triggerBody()?['WorkspaceSubscriptionId'])}/resourceGroups/@{encodeURIComponent(triggerBody()?['WorkspaceResourceGroup'])}/workspaces/@{encodeURIComponent(triggerBody()?['WorkspaceId'])}/alerts/@{encodeURIComponent(triggerBody()?['SystemAlertId'])}"
                            }
                        },
                        "Entities_-_Get_Hosts": {
                            "runAfter": {
                                "Initialize_MDEDeviceId": [
                                    "Succeeded"
                                ]
                            },
                            "type": "ApiConnection",
                            "inputs": {
                                "body": "@triggerBody()?['Entities']",
                                "host": {
                                    "connection": {
                                        "name": "@parameters('$connections')['azuresentinel_1']['connectionId']"
                                    }
                                },
                                "method": "post",
                                "path": "/entities/host"
                            }
                        },
                        "For_each": {
                            "foreach": "@body('Entities_-_Get_Hosts')?['Hosts']",
                            "actions": {
                                "Condition": {
                                    "actions": {
                                        "Machines_-_Get_single_machine": {
                                            "runAfter": {},
                                            "type": "ApiConnection",
                                            "inputs": {
                                                "host": {
                                                    "connection": {
                                                        "name": "@parameters('$connections')['wdatp_1']['connectionId']"
                                                    }
                                                },
                                                "method": "get",
                                                "path": "/api/machines/@{encodeURIComponent(items('For_each')?['HostName'])}"
                                            }
                                        },
                                        "Set_Device_page": {
                                            "runAfter": {
                                                "Set_MDEDeviceId": [
                                                    "Succeeded"
                                                ]
                                            },
                                            "type": "SetVariable",
                                            "inputs": {
                                                "name": "Device Page",
                                                "value": "https://security.microsoft.com/machines/@{body('Machines_-_Get_single_machine')?['id']}/overview"
                                            }
                                        },
                                        "Set_MDEDeviceId": {
                                            "runAfter": {
                                                "Machines_-_Get_single_machine": [
                                                    "Succeeded"
                                                ]
                                            },
                                            "type": "SetVariable",
                                            "inputs": {
                                                "name": "MDEDeviceId",
                                                "value": "@body('Machines_-_Get_single_machine')?['id']"
                                            }
                                        }
                                    },
                                    "runAfter": {},
                                    "else": {
                                        "actions": {
                                            "Machines_-_Get_single_machine_2": {
                                                "runAfter": {},
                                                "type": "ApiConnection",
                                                "inputs": {
                                                    "host": {
                                                        "connection": {
                                                            "name": "@parameters('$connections')['wdatp_1']['connectionId']"
                                                        }
                                                    },
                                                    "method": "get",
                                                    "path": "/api/machines/@{encodeURIComponent(items('For_each')?['MdatpDeviceId'])}"
                                                }
                                            },
                                            "Set_Device_page_2": {
                                                "runAfter": {
                                                    "Set_MDEDeviceId_2": [
                                                        "Succeeded"
                                                    ]
                                                },
                                                "type": "SetVariable",
                                                "inputs": {
                                                    "name": "Device Page",
                                                    "value": "https://security.microsoft.com/machines/@{body('Machines_-_Get_single_machine_2')?['id']}/overview"
                                                }
                                            },
                                            "Set_MDEDeviceId_2": {
                                                "runAfter": {
                                                    "Machines_-_Get_single_machine_2": [
                                                        "Succeeded"
                                                    ]
                                                },
                                                "type": "SetVariable",
                                                "inputs": {
                                                    "name": "MDEDeviceId",
                                                    "value": "@body('Machines_-_Get_single_machine_2')?['id']"
                                                }
                                            }
                                        }
                                    },
                                    "expression": {
                                        "and": [
                                            {
                                                "equals": [
                                                    "@items('For_each')?['MdatpDeviceId']",
                                                    "@null"
                                                ]
                                            }
                                        ]
                                    },
                                    "type": "If"
                                },
                                "Perform_AV_scan": {
                                    "actions": {
                                        "Actions_-_Run_antivirus_scan": {
                                            "runAfter": {},
                                            "type": "ApiConnection",
                                            "inputs": {
                                                "body": {
                                                    "Comment": "AV Scan run from playbook for Azure Sentinel Incident:  - ",
                                                    "ScanType": "Full"
                                                },
                                                "host": {
                                                    "connection": {
                                                        "name": "@parameters('$connections')['wdatp']['connectionId']"
                                                    }
                                                },
                                                "method": "post",
                                                "path": "/api/machines/@{encodeURIComponent(variables('MDEDeviceId'))}/runAntiVirusScan"
                                            }
                                        },
                                        "Add_comment_to_incident_(V3)": {
                                            "runAfter": {
                                                "Actions_-_Run_antivirus_scan": [
                                                    "Succeeded"
                                                ]
                                            },
                                            "type": "ApiConnection",
                                            "inputs": {
                                                "body": {
                                                    "incidentArmId": "@body('Alert_-_Get_incident')?['id']",
                                                    "message": "<p>@{items('For_each')?['HostName']} (MDE Device ID: @{body('Machines_-_Get_single_machine')?['id']}) had a full AV scan triggered and the status was @{body('Actions_-_Run_antivirus_scan')?['status']}<br>\n<br>\nDevice page: @{variables('Device Page')}</p>"
                                                },
                                                "host": {
                                                    "connection": {
                                                        "name": "@parameters('$connections')['azuresentinel_1']['connectionId']"
                                                    }
                                                },
                                                "method": "post",
                                                "path": "/Incidents/Comment"
                                            }
                                        }
                                    },
                                    "runAfter": {
                                        "Condition": [
                                            "Succeeded"
                                        ]
                                    },
                                    "else": {
                                        "actions": {
                                            "Add_comment_to_incident_(V3)_2": {
                                                "runAfter": {},
                                                "type": "ApiConnection",
                                                "inputs": {
                                                    "body": {
                                                        "incidentArmId": "@body('Alert_-_Get_incident')?['id']",
                                                        "message": "<p>@{items('For_each')?['HostName']} could not be found in MDE, so no AV scan was run.<br>\n<br>\nDevice page: @{variables('Device Page')}</p>"
                                                    },
                                                    "host": {
                                                        "connection": {
                                                            "name": "@parameters('$connections')['azuresentinel_1']['connectionId']"
                                                        }
                                                    },
                                                    "method": "post",
                                                    "path": "/Incidents/Comment"
                                                }
                                            }
                                        }
                                    },
                                    "expression": {
                                        "and": [
                                            {
                                                "not": {
                                                    "equals": [
                                                        "@variables('MDEDeviceId')",
                                                        "@null"
                                                    ]
                                                }
                                            }
                                        ]
                                    },
                                    "type": "If"
                                }
                            },
                            "runAfter": {
                                "Entities_-_Get_Hosts": [
                                    "Succeeded"
                                ]
                            },
                            "type": "Foreach"
                        },
                        "Initialize_Device_Page": {
                            "runAfter": {
                                "Alert_-_Get_incident": [
                                    "Succeeded"
                                ]
                            },
                            "type": "InitializeVariable",
                            "inputs": {
                                "variables": [
                                    {
                                        "name": "Device Page",
                                        "type": "string"
                                    }
                                ]
                            }
                        },
                        "Initialize_MDEDeviceId": {
                            "runAfter": {
                                "Initialize_Device_Page": [
                                    "Succeeded"
                                ]
                            },
                            "type": "InitializeVariable",
                            "inputs": {
                                "variables": [
                                    {
                                        "name": "MDEDeviceId",
                                        "type": "string"
                                    }
                                ]
                            }
                        },
                        "Investigate_and_collect_package": {
                            "foreach": "@body('Entities_-_Get_Hosts')?['Hosts']",
                            "actions": {
                                "Actions_-_Collect_investigation_package": {
                                    "runAfter": {
                                        "Actions_-_Start_automated_investigation_on_a_machine": [
                                            "Succeeded"
                                        ]
                                    },
                                    "type": "ApiConnection",
                                    "inputs": {
                                        "body": {
                                            "Comment": "Incident: @{body('Alert_-_Get_incident')?['properties']?['incidentNumber']} - @{body('Alert_-_Get_incident')?['properties']?['title']}"
                                        },
                                        "host": {
                                            "connection": {
                                                "name": "@parameters('$connections')['wdatp_1']['connectionId']"
                                            }
                                        },
                                        "method": "post",
                                        "path": "/api/machines/@{encodeURIComponent(variables('MDEDeviceId'))}/collectInvestigationPackage"
                                    }
                                },
                                "Actions_-_Start_automated_investigation_on_a_machine": {
                                    "runAfter": {},
                                    "type": "ApiConnection",
                                    "inputs": {
                                        "body": {
                                            "Comment": "Start automated investigation  from playbook for Azure Sentinel Incident: @{body('Alert_-_Get_incident')?['properties']?['incidentNumber']}"
                                        },
                                        "host": {
                                            "connection": {
                                                "name": "@parameters('$connections')['wdatp_1']['connectionId']"
                                            }
                                        },
                                        "method": "post",
                                        "path": "/api/machines/@{encodeURIComponent(variables('MDEDeviceId'))}/startInvestigation"
                                    }
                                },
                                "Add_comment_to_incident_(V3)_3": {
                                    "runAfter": {
                                        "Actions_-_Collect_investigation_package": [
                                            "Succeeded"
                                        ]
                                    },
                                    "type": "ApiConnection",
                                    "inputs": {
                                        "body": {
                                            "incidentArmId": "@body('Alert_-_Get_incident')?['id']",
                                            "message": "<p>An automated investifgation has been initiated successfully and a forensic package is ready for download on this device's page within the Defender console.<br>\n<br>\nDevice page: @{variables('Device Page')}</p>"
                                        },
                                        "host": {
                                            "connection": {
                                                "name": "@parameters('$connections')['azuresentinel_1']['connectionId']"
                                            }
                                        },
                                        "method": "post",
                                        "path": "/Incidents/Comment"
                                    }
                                }
                            },
                            "runAfter": {
                                "For_each": [
                                    "Succeeded"
                                ]
                            },
                            "type": "Foreach"
                        }
                    },
                    "outputs": {}
                },
                "parameters": {
                    "$connections": {
                        "value": {
                            "azuresentinel_1": {
                                "connectionId": "[resourceId('Microsoft.Web/connections', variables('MicrosoftSentinelConnectionName'))]",
                                "connectionName": "[variables('MicrosoftSentinelConnectionName')]",
                                "id": "[concat('/subscriptions/', subscription().subscriptionId, '/providers/Microsoft.Web/locations/', resourceGroup().location, '/managedApis/Azuresentinel')]",
                                "connectionProperties": {
                                    "authentication": {
                                        "type": "ManagedServiceIdentity"
                                    }
                                }
                            },
                            "wdatp": {
                                "connectionId": "[resourceId('Microsoft.Web/connections', variables('WdatpConnectionName'))]",
                                "connectionName": "[variables('WdatpConnectionName')]",
                                "id": "[concat('/subscriptions/', subscription().subscriptionId, '/providers/Microsoft.Web/locations/', resourceGroup().location, '/managedApis/Wdatp')]",
                                "connectionProperties": {
                                    "authentication": {
                                        "type": "ManagedServiceIdentity"
                                    }
                                }
                            }                            
                        }
                    }
                }
            },
            "name": "[parameters('PlaybookName')]",
            "type": "Microsoft.Logic/workflows",
            "location": "[resourceGroup().location]",
            "tags": {
                "LogicAppsCategory": "security",
                "hidden-SentinelTemplateName": "Start-CompleteMDEInvestigation",
                "hidden-SentinelTemplateVersion": "1.0"
            },
            "identity": {
                "type": "SystemAssigned"
            },
            "apiVersion": "2017-07-01",
            "dependsOn": [
                "[resourceId('Microsoft.Web/connections', variables('MicrosoftSentinelConnectionName'))]",
                "[resourceId('Microsoft.Web/connections', variables('WdatpConnectionName'))]"
            ]
        },
        {
            "type": "Microsoft.Web/connections",
            "apiVersion": "2016-06-01",
            "name": "[variables('MicrosoftSentinelConnectionName')]",
            "location": "[resourceGroup().location]",
            "kind": "V1",
            "properties": {
                "displayName": "[variables('MicrosoftSentinelConnectionName')]",
                "customParameterValues": {},
                "parameterValueType": "Alternative",
                "api": {
                    "id": "[concat('/subscriptions/', subscription().subscriptionId, '/providers/Microsoft.Web/locations/', resourceGroup().location, '/managedApis/Azuresentinel')]"
                }
            }
        },
        {
            "type": "Microsoft.Web/connections",
            "apiVersion": "2016-06-01",
            "name": "[variables('WdatpConnectionName')]",
            "location": "[resourceGroup().location]",
            "kind": "V1",
            "properties": {
                "displayName": "[variables('WdatpConnectionName')]",
                "customParameterValues": {},
                "parameterValueType": "Alternative",
                "api": {
                    "id": "[concat('/subscriptions/', subscription().subscriptionId, '/providers/Microsoft.Web/locations/', resourceGroup().location, '/managedApis/Wdatp')]"
                }
            }
        }
    ]
}