{
    "$schema": "https://schema.management.azure.com/schemas/2019-04-01/deploymentTemplate.json#",
    "contentVersion": "1.0.0.0",
    "metadata": {
        "title": "",
        "description": "",
        "prerequisites": "",
        "postDeployment": [],
        "prerequisitesDeployTemplateFile": "",
        "lastUpdateTime": "",
        "entities": [],
        "tags": [],
        "support": {
            "tier": "community",
            "armtemplate": "Generated from https://github.com/Azure/Azure-Sentinel/tree/master/Tools/Playbook-ARM-Template-Generator"
        },
        "author": {
            "name": ""
        }
    },
    "parameters": {
        "PlaybookName": {
            "defaultValue": "Add-URL-MaliciousList",
            "type": "string"
        }
    },
    "variables": {
        "MicrosoftSentinelConnectionName": "[concat('MicrosoftSentinel-', parameters('PlaybookName'))]"
    },
    "resources": [
        {
            "properties": {
                "provisioningState": "Succeeded",
                "state": "Enabled",
                "definition": {
                    "$schema": "https://schema.management.azure.com/providers/Microsoft.Logic/schemas/2016-06-01/workflowdefinition.json#",
                    "contentVersion": "1.0.0.0",
                    "parameters": {
                        "$connections": {
                            "defaultValue": {},
                            "type": "Object"
                        }
                    },
                    "triggers": {
                        "Microsoft_Sentinel_alert": {
                            "type": "ApiConnectionWebhook",
                            "inputs": {
                                "body": {
                                    "callback_url": "@{listCallbackUrl()}"
                                },
                                "host": {
                                    "connection": {
                                        "name": "@parameters('$connections')['azuresentinel']['connectionId']"
                                    }
                                },
                                "path": "/subscribe"
                            }
                        }
                    },
                    "actions": {
                        "Condition_-_is_watchlist_available": {
                            "actions": {
                                "For_each": {
                                    "foreach": "@body('Entities_-_Get_URLs')?['URLs']",
                                    "actions": {
                                        "Watchlists_-_Add_a_new_watchlist_item": {
                                            "runAfter": {},
                                            "type": "ApiConnection",
                                            "inputs": {
                                                "body": {
                                                    "Url": "@{items('For_each')?['Url']}"
                                                },
                                                "host": {
                                                    "connection": {
                                                        "name": "@parameters('$connections')['azuresentinel_1']['connectionId']"
                                                    }
                                                },
                                                "method": "put",
                                                "path": "/Watchlists/subscriptions/@{encodeURIComponent(triggerBody()?['WorkspaceSubscriptionId'])}/resourceGroups/@{encodeURIComponent(triggerBody()?['WorkspaceResourceGroup'])}/workspaces/@{encodeURIComponent(triggerBody()?['WorkspaceId'])}/watchlists/@{encodeURIComponent(variables('Watchlist alias'))}/watchlistItem"
                                            }
                                        }
                                    },
                                    "runAfter": {},
                                    "type": "Foreach"
                                }
                            },
                            "runAfter": {
                                "Watchlists_-_Get_a_watchlist_by_alias": [
                                    "Succeeded",
                                    "Failed"
                                ]
                            },
                            "else": {
                                "actions": {
                                    "Create_CSV_table_with_URLs": {
                                        "runAfter": {
                                            "For_each_URL_-_add_to_URL_array_variable": [
                                                "Succeeded"
                                            ]
                                        },
                                        "type": "Table",
                                        "inputs": {
                                            "format": "CSV",
                                            "from": "@variables('URL')"
                                        }
                                    },
                                    "For_each_URL_-_add_to_URL_array_variable": {
                                        "foreach": "@body('Entities_-_Get_URLs')?['URLs']",
                                        "actions": {
                                            "Append_to_array_variable_URL": {
                                                "runAfter": {},
                                                "type": "AppendToArrayVariable",
                                                "inputs": {
                                                    "name": "URL",
                                                    "value": {
                                                        "Url": "@{items('For_each_URL_-_add_to_URL_array_variable')?['Url']}"
                                                    }
                                                }
                                            }
                                        },
                                        "runAfter": {},
                                        "type": "Foreach"
                                    },
                                    "Watchlists_-_Create_a_new_watchlist_with_data": {
                                        "runAfter": {
                                            "Create_CSV_table_with_URLs": [
                                                "Succeeded"
                                            ]
                                        },
                                        "type": "ApiConnection",
                                        "inputs": {
                                            "body": {
                                                "description": "urls to watch",
                                                "displayName": "@{variables('Watchlist alias')}",
                                                "itemsSearchKey": "Url",
                                                "rawContent": "@{body('Create_CSV_table_with_URLs')}",
                                                "sourceType": "Local"
                                            },
                                            "host": {
                                                "connection": {
                                                    "name": "@parameters('$connections')['azuresentinel_1']['connectionId']"
                                                }
                                            },
                                            "method": "put",
                                            "path": "/Watchlists/subscriptions/@{encodeURIComponent(triggerBody()?['WorkspaceSubscriptionId'])}/resourceGroups/@{encodeURIComponent(triggerBody()?['WorkspaceResourceGroup'])}/workspaces/@{encodeURIComponent(triggerBody()?['WorkspaceId'])}/watchlists/@{encodeURIComponent(variables('Watchlist alias'))}"
                                        }
                                    }
                                }
                            },
                            "expression": {
                                "and": [
                                    {
                                        "equals": [
                                            "@outputs('Watchlists_-_Get_a_watchlist_by_alias')['statusCode']",
                                            200
                                        ]
                                    }
                                ]
                            },
                            "type": "If"
                        },
                        "Entities_-_Get_URLs": {
                            "runAfter": {},
                            "type": "ApiConnection",
                            "inputs": {
                                "body": "@triggerBody()?['Entities']",
                                "host": {
                                    "connection": {
                                        "name": "@parameters('$connections')['azuresentinel_1']['connectionId']"
                                    }
                                },
                                "method": "post",
                                "path": "/entities/url"
                            }
                        },
                        "Initialize_variable_-_URL": {
                            "runAfter": {
                                "Entities_-_Get_URLs": [
                                    "Succeeded"
                                ]
                            },
                            "type": "InitializeVariable",
                            "inputs": {
                                "variables": [
                                    {
                                        "name": "URL",
                                        "type": "array"
                                    }
                                ]
                            }
                        },
                        "Initialize_variable_-_Watchlist_alias": {
                            "runAfter": {
                                "Initialize_variable_-_URL": [
                                    "Succeeded"
                                ]
                            },
                            "type": "InitializeVariable",
                            "inputs": {
                                "variables": [
                                    {
                                        "name": "Watchlist alias",
                                        "type": "string",
                                        "value": "MaliciousURLs"
                                    }
                                ]
                            }
                        },
                        "Watchlists_-_Get_a_watchlist_by_alias": {
                            "runAfter": {
                                "Initialize_variable_-_Watchlist_alias": [
                                    "Succeeded"
                                ]
                            },
                            "type": "ApiConnection",
                            "inputs": {
                                "host": {
                                    "connection": {
                                        "name": "@parameters('$connections')['azuresentinel_1']['connectionId']"
                                    }
                                },
                                "method": "get",
                                "path": "/Watchlists/subscriptions/@{encodeURIComponent(triggerBody()?['WorkspaceSubscriptionId'])}/resourceGroups/@{encodeURIComponent(triggerBody()?['WorkspaceResourceGroup'])}/workspaces/@{encodeURIComponent(triggerBody()?['WorkspaceId'])}/watchlists/@{encodeURIComponent(variables('Watchlist alias'))}"
                            }
                        }
                    },
                    "outputs": {}
                },
                "parameters": {
                    "$connections": {
                        "value": {
                            "azuresentinel": {
                                "connectionId": "[resourceId('Microsoft.Web/connections', variables('MicrosoftSentinelConnectionName'))]",
                                "connectionName": "[variables('MicrosoftSentinelConnectionName')]",
                                "id": "[concat('/subscriptions/', subscription().subscriptionId, '/providers/Microsoft.Web/locations/', resourceGroup().location, '/managedApis/Azuresentinel')]",
                                "connectionProperties": {
                                    "authentication": {
                                        "type": "ManagedServiceIdentity"
                                    }
                                }
                            },
                            "azuresentinel_1": {
                                "connectionId": "/subscriptions/a1a21640-263b-45e1-9ad1-be5b4e1eb6ad/resourceGroups/5Q-RG-Playbooks/providers/Microsoft.Web/connections/azuresentinel",
                                "connectionName": "azuresentinel",
                                "id": "/subscriptions/a1a21640-263b-45e1-9ad1-be5b4e1eb6ad/providers/Microsoft.Web/locations/eastus/managedApis/azuresentinel"
                            }
                        }
                    }
                }
            },
            "name": "[parameters('PlaybookName')]",
            "type": "Microsoft.Logic/workflows",
            "location": "[resourceGroup().location]",
            "tags": {
                "LogicAppsCategory": "security",
                "hidden-SentinelTemplateName": "Add-URL-MaliciousList",
                "hidden-SentinelTemplateVersion": "1.0"
            },
            "identity": {
                "type": "SystemAssigned"
            },
            "apiVersion": "2017-07-01",
            "dependsOn": [
                "[resourceId('Microsoft.Web/connections', variables('MicrosoftSentinelConnectionName'))]"
            ]
        },
        {
            "type": "Microsoft.Web/connections",
            "apiVersion": "2016-06-01",
            "name": "[variables('MicrosoftSentinelConnectionName')]",
            "location": "[resourceGroup().location]",
            "kind": "V1",
            "properties": {
                "displayName": "[variables('MicrosoftSentinelConnectionName')]",
                "customParameterValues": {},
                "parameterValueType": "Alternative",
                "api": {
                    "id": "[concat('/subscriptions/', subscription().subscriptionId, '/providers/Microsoft.Web/locations/', resourceGroup().location, '/managedApis/Azuresentinel')]"
                }
            }
        }
    ]
}