{
    "$schema": "https://schema.management.azure.com/schemas/2019-04-01/deploymentTemplate.json#",
    "contentVersion": "1.0.0.0",
    "metadata": {
        "title": "",
        "description": "",
        "prerequisites": "",
    "postDeployment": [],
    "prerequisitesDeployTemplateFile": "",
    "lastUpdateTime": "",
"entities": [],
"tags": [],
"support": {
"tier": "community",
"armtemplate": "Generated from https://github.com/Azure/Azure-Sentinel/tree/master/Tools/Playbook-ARM-Template-Generator"
},
"author": {
"name": ""
}
},
"parameters": {
"PlaybookName": {
"defaultValue": "Confirm-AADRiskyUser-alert",
"type": "string"
}
},
"variables": {
"AzureadConnectionName": "[concat('Azuread-', parameters('PlaybookName'))]",
"AzureadipConnectionName": "[concat('Azureadip-', parameters('PlaybookName'))]",
"MicrosoftSentinelConnectionName": "[concat('MicrosoftSentinel-', parameters('PlaybookName'))]"
},
"resources": [
{
"properties": {
    "provisioningState": "Succeeded",
    "state": "Enabled",
    "definition": {
        "$schema": "https://schema.management.azure.com/providers/Microsoft.Logic/schemas/2016-06-01/workflowdefinition.json#",
        "contentVersion": "1.0.0.0",
        "parameters": {
            "$connections": {
            "defaultValue": {},
            "type": "Object"
        }
    },
    "triggers": {
        "When_a_response_to_an_Azure_Sentinel_alert_is_triggered": {
            "type": "ApiConnectionWebhook",
            "inputs": {
                "body": {
                    "callback_url": "@{listCallbackUrl()}"
                },
                "host": {
                    "connection": {
                        "name": "@parameters('$connections')['azuresentinel']['connectionId']"
                    }
                },
                "path": "/subscribe"
            }
        }
    },
    "actions": {
        "Alert_-_Get_incident": {
        "runAfter": {},
        "type": "ApiConnection",
        "inputs": {
            "host": {
                "connection": {
                    "name": "@parameters('$connections')['azuresentinel']['connectionId']"
                }
            },
            "method": "get",
            "path": "/Incidents/subscriptions/@{encodeURIComponent(triggerBody()?['WorkspaceSubscriptionId'])}/resourceGroups/@{encodeURIComponent(triggerBody()?['WorkspaceResourceGroup'])}/workspaces/@{encodeURIComponent(triggerBody()?['WorkspaceId'])}/alerts/@{encodeURIComponent(triggerBody()?['SystemAlertId'])}"
        }
    },
    "Entities_-_Get_Accounts": {
        "runAfter": {
            "Alert_-_Get_incident": [
                "Succeeded"
            ]
        },
        "type": "ApiConnection",
        "inputs": {
            "body": "@triggerBody()?['Entities']",
            "host": {
                "connection": {
                    "name": "@parameters('$connections')['azuresentinel']['connectionId']"
                }
            },
            "method": "post",
            "path": "/entities/account"
        }
    },
    "For_each": {
        "foreach": "@body('Entities_-_Get_Accounts')?['Accounts']",
        "actions": {
            "Add_comment_to_incident_(V3)": {
                "runAfter": {
                    "Confirm_a_risky_user_as_compromised": [
                        "Succeeded"
                    ]
                },
                "type": "ApiConnection",
                "inputs": {
                    "body": {
                        "incidentArmId": "@body('Alert_-_Get_incident')?['id']",
                        "message": "<p>User [@{concat(items('For_each')?['Name'], '@', items('For_each')?['UPNSuffix'])}] was confirmed compromised via playbook.</p>"
                    },
                    "host": {
                        "connection": {
                            "name": "@parameters('$connections')['azuresentinel']['connectionId']"
                        }
                    },
                    "method": "post",
                    "path": "/Incidents/Comment"
                }
            },
            "Confirm_a_risky_user_as_compromised": {
                "runAfter": {
                    "Get_user": [
                        "Succeeded"
                    ]
                },
                "type": "ApiConnection",
                "inputs": {
                    "body": {
                        "userIds": [
                            "@items('For_each')?['AadUserId']"
                        ]
                    },
                    "host": {
                        "connection": {
                            "name": "@parameters('$connections')['azureadip']['connectionId']"
                        }
                    },
                    "method": "post",
                    "path": "/beta/riskyUsers/confirmCompromised"
                }
            },
            "Get_user": {
            "runAfter": {},
            "type": "ApiConnection",
            "inputs": {
                "host": {
                    "connection": {
                        "name": "@parameters('$connections')['azuread']['connectionId']"
                    }
                },
                "method": "get",
                "path": "/v1.0/users/@{encodeURIComponent(concat(items('For_each')?['Name'], '@', items('For_each')?['UPNSuffix']))}"
            }
        }
    },
    "runAfter": {
        "Entities_-_Get_Accounts": [
            "Succeeded"
        ]
    },
    "type": "Foreach"
}
},
"outputs": {}
},
"parameters": {
"$connections": {
"value": {
"azuread": {
    "connectionId": "[resourceId('Microsoft.Web/connections', variables('AzureadConnectionName'))]",
    "connectionName": "[variables('AzureadConnectionName')]",
    "id": "[concat('/subscriptions/', subscription().subscriptionId, '/providers/Microsoft.Web/locations/', resourceGroup().location, '/managedApis/Azuread')]"
},
"azureadip": {
    "connectionId": "[resourceId('Microsoft.Web/connections', variables('AzureadipConnectionName'))]",
    "connectionName": "[variables('AzureadipConnectionName')]",
    "id": "[concat('/subscriptions/', subscription().subscriptionId, '/providers/Microsoft.Web/locations/', resourceGroup().location, '/managedApis/Azureadip')]"
},
"azuresentinel": {
    "connectionId": "[resourceId('Microsoft.Web/connections', variables('MicrosoftSentinelConnectionName'))]",
    "connectionName": "[variables('MicrosoftSentinelConnectionName')]",
    "id": "[concat('/subscriptions/', subscription().subscriptionId, '/providers/Microsoft.Web/locations/', resourceGroup().location, '/managedApis/Azuresentinel')]",
    "connectionProperties": {
        "authentication": {
            "type": "ManagedServiceIdentity"
        }
    }
}
}
}
}
},
"name": "[parameters('PlaybookName')]",
"type": "Microsoft.Logic/workflows",
"location": "[resourceGroup().location]",
"tags": {
"LogicAppsCategory": "security",
"hidden-SentinelTemplateName": "Confirm-AADRiskyUser-alert",
"hidden-SentinelTemplateVersion": "1.0"
},
"identity": {
"type": "SystemAssigned"
},
"apiVersion": "2017-07-01",
"dependsOn": [
"[resourceId('Microsoft.Web/connections', variables('AzureadConnectionName'))]",
"[resourceId('Microsoft.Web/connections', variables('AzureadipConnectionName'))]",
"[resourceId('Microsoft.Web/connections', variables('MicrosoftSentinelConnectionName'))]"
]
},
{
"type": "Microsoft.Web/connections",
"apiVersion": "2016-06-01",
"name": "[variables('AzureadConnectionName')]",
"location": "[resourceGroup().location]",
"kind": "V1",
"properties": {
"displayName": "[variables('AzureadConnectionName')]",
"customParameterValues": {},
"api": {
"id": "[concat('/subscriptions/', subscription().subscriptionId, '/providers/Microsoft.Web/locations/', resourceGroup().location, '/managedApis/Azuread')]"
}
}
},
{
"type": "Microsoft.Web/connections",
"apiVersion": "2016-06-01",
"name": "[variables('AzureadipConnectionName')]",
"location": "[resourceGroup().location]",
"kind": "V1",
"properties": {
"displayName": "[variables('AzureadipConnectionName')]",
"customParameterValues": {},
"api": {
"id": "[concat('/subscriptions/', subscription().subscriptionId, '/providers/Microsoft.Web/locations/', resourceGroup().location, '/managedApis/Azureadip')]"
}
}
},
{
"type": "Microsoft.Web/connections",
"apiVersion": "2016-06-01",
"name": "[variables('MicrosoftSentinelConnectionName')]",
"location": "[resourceGroup().location]",
"kind": "V1",
"properties": {
"displayName": "[variables('MicrosoftSentinelConnectionName')]",
"customParameterValues": {},
"parameterValueType": "Alternative",
"api": {
"id": "[concat('/subscriptions/', subscription().subscriptionId, '/providers/Microsoft.Web/locations/', resourceGroup().location, '/managedApis/Azuresentinel')]"
}
}
}
]
}
