{
    "$schema": "https://schema.management.azure.com/schemas/2019-04-01/deploymentTemplate.json#",
    "contentVersion": "1.0.0.0",
    "metadata": {
        "title": "",
        "description": "",
        "prerequisites": "",
    "postDeployment": [],
    "prerequisitesDeployTemplateFile": "",
    "lastUpdateTime": "",
"entities": [],
"tags": [],
"support": {
"tier": "community",
"armtemplate": "Generated from https://github.com/Azure/Azure-Sentinel/tree/master/Tools/Playbook-ARM-Template-Generator"
},
"author": {
"name": ""
}
},
"parameters": {
"PlaybookName": {
"defaultValue": "Isolate-MDEMachine",
"type": "string"
}
},
"variables": {
"MicrosoftSentinelConnectionName": "[concat('MicrosoftSentinel-', parameters('PlaybookName'))]",
"WdatpConnectionName": "[concat('Wdatp-', parameters('PlaybookName'))]"
},
"resources": [
{
"properties": {
    "provisioningState": "Succeeded",
    "state": "Enabled",
    "definition": {
        "$schema": "https://schema.management.azure.com/providers/Microsoft.Logic/schemas/2016-06-01/workflowdefinition.json#",
        "contentVersion": "1.0.0.0",
        "parameters": {
            "$connections": {
            "defaultValue": {},
            "type": "Object"
        }
    },
    "triggers": {
        "When_a_response_to_an_Azure_Sentinel_alert_is_triggered": {
            "type": "ApiConnectionWebhook",
            "inputs": {
                "body": {
                    "callback_url": "@{listCallbackUrl()}"
                },
                "host": {
                    "connection": {
                        "name": "@parameters('$connections')['azuresentinel_1']['connectionId']"
                    }
                },
                "path": "/subscribe"
            }
        }
    },
    "actions": {
        "Alert_-_Get_incident": {
        "runAfter": {},
        "type": "ApiConnection",
        "inputs": {
            "host": {
                "connection": {
                    "name": "@parameters('$connections')['azuresentinel_1']['connectionId']"
                }
            },
            "method": "get",
            "path": "/Incidents/subscriptions/@{encodeURIComponent(triggerBody()?['WorkspaceSubscriptionId'])}/resourceGroups/@{encodeURIComponent(triggerBody()?['WorkspaceResourceGroup'])}/workspaces/@{encodeURIComponent(triggerBody()?['WorkspaceId'])}/alerts/@{encodeURIComponent(triggerBody()?['SystemAlertId'])}"
        }
    },
    "Entities_-_Get_Hosts": {
        "runAfter": {
            "Alert_-_Get_incident": [
                "Succeeded"
            ]
        },
        "type": "ApiConnection",
        "inputs": {
            "body": "@triggerBody()?['Entities']",
            "host": {
                "connection": {
                    "name": "@parameters('$connections')['azuresentinel']['connectionId']"
                }
            },
            "method": "post",
            "path": "/entities/host"
        }
    },
    "For_each": {
        "foreach": "@body('Entities_-_Get_Hosts')?['Hosts']",
        "actions": {
            "Condition": {
                "actions": {
                    "Actions_-_Isolate_machine": {
                    "runAfter": {},
                    "type": "ApiConnection",
                    "inputs": {
                        "body": {
                            "Comment": "Isolated from playbook for Azure Sentinel Incident:  @{body('Alert_-_Get_incident')?['properties']?['incidentNumber']} - @{body('Alert_-_Get_incident')?['properties']?['title']}",
                            "IsolationType": "Full"
                        },
                        "host": {
                            "connection": {
                                "name": "@parameters('$connections')['wdatp_1']['connectionId']"
                            }
                        },
                        "method": "post",
                        "path": "/api/machines/@{encodeURIComponent(items('For_each')?['MdatpDeviceId'])}/isolate"
                    }
                },
                "Add_comment_to_incident_(V3)": {
                    "runAfter": {
                        "Actions_-_Isolate_machine": [
                            "Succeeded"
                        ]
                    },
                    "type": "ApiConnection",
                    "inputs": {
                        "body": {
                            "incidentArmId": "@body('Alert_-_Get_incident')?['id']",
                            "message": "<p>@{items('For_each')?['HostName']} was isolated in MDE and the status was @{body('Actions_-_Isolate_machine')?['status']}</p>"
                        },
                        "host": {
                            "connection": {
                                "name": "@parameters('$connections')['azuresentinel_1']['connectionId']"
                            }
                        },
                        "method": "post",
                        "path": "/Incidents/Comment"
                    }
                }
            },
        "runAfter": {},
        "else": {
            "actions": {
                "Add_comment_to_incident_(V3)_2": {
                "runAfter": {},
                "type": "ApiConnection",
                "inputs": {
                    "body": {
                        "incidentArmId": "@body('Alert_-_Get_incident')?['id']",
                        "message": "<p>@{items('For_each')?['HostName']} does not have MDEDeviceID in the Entities list. &nbsp;It was not isolated.&nbsp;</p>"
                    },
                    "host": {
                        "connection": {
                            "name": "@parameters('$connections')['azuresentinel_1']['connectionId']"
                        }
                    },
                    "method": "post",
                    "path": "/Incidents/Comment"
                }
            }
        }
    },
    "expression": {
        "and": [
            {
                "not": {
                    "equals": [
                        "@items('For_each')?['MdatpDeviceId']",
                        "@null"
                    ]
                }
            }
        ]
    },
    "type": "If"
}
},
"runAfter": {
"Entities_-_Get_Hosts": [
    "Succeeded"
]
},
"type": "Foreach"
}
},
"outputs": {}
},
"parameters": {
"$connections": {
"value": {
"azuresentinel": {
"connectionId": "[resourceId('Microsoft.Web/connections', variables('MicrosoftSentinelConnectionName'))]",
"connectionName": "[variables('MicrosoftSentinelConnectionName')]",
"id": "[concat('/subscriptions/', subscription().subscriptionId, '/providers/Microsoft.Web/locations/', resourceGroup().location, '/managedApis/Azuresentinel')]",
"connectionProperties": {
"authentication": {
    "type": "ManagedServiceIdentity"
}
}
},
"azuresentinel_1": {
"connectionId": "/subscriptions/a1a21640-263b-45e1-9ad1-be5b4e1eb6ad/resourceGroups/5Q-RG-Playbooks/providers/Microsoft.Web/connections/azuresentinel",
"connectionName": "azuresentinel",
"id": "/subscriptions/a1a21640-263b-45e1-9ad1-be5b4e1eb6ad/providers/Microsoft.Web/locations/eastus/managedApis/azuresentinel"
},
"wdatp_1": {
"connectionId": "[resourceId('Microsoft.Web/connections', variables('WdatpConnectionName'))]",
"connectionName": "[variables('WdatpConnectionName')]",
"id": "[concat('/subscriptions/', subscription().subscriptionId, '/providers/Microsoft.Web/locations/', resourceGroup().location, '/managedApis/Wdatp')]"
}
}
}
}
},
"name": "[parameters('PlaybookName')]",
"type": "Microsoft.Logic/workflows",
"location": "[resourceGroup().location]",
"tags": {
"LogicAppsCategory": "security",
"hidden-SentinelTemplateName": "Isolate-MDEMachine",
"hidden-SentinelTemplateVersion": "1.0"
},
"identity": {
"type": "SystemAssigned"
},
"apiVersion": "2017-07-01",
"dependsOn": [
"[resourceId('Microsoft.Web/connections', variables('MicrosoftSentinelConnectionName'))]",
"[resourceId('Microsoft.Web/connections', variables('WdatpConnectionName'))]"
]
},
{
"type": "Microsoft.Web/connections",
"apiVersion": "2016-06-01",
"name": "[variables('MicrosoftSentinelConnectionName')]",
"location": "[resourceGroup().location]",
"kind": "V1",
"properties": {
"displayName": "[variables('MicrosoftSentinelConnectionName')]",
"customParameterValues": {},
"parameterValueType": "Alternative",
"api": {
"id": "[concat('/subscriptions/', subscription().subscriptionId, '/providers/Microsoft.Web/locations/', resourceGroup().location, '/managedApis/Azuresentinel')]"
}
}
},
{
"type": "Microsoft.Web/connections",
"apiVersion": "2016-06-01",
"name": "[variables('WdatpConnectionName')]",
"location": "[resourceGroup().location]",
"kind": "V1",
"properties": {
"displayName": "[variables('WdatpConnectionName')]",
"customParameterValues": {},
"api": {
"id": "[concat('/subscriptions/', subscription().subscriptionId, '/providers/Microsoft.Web/locations/', resourceGroup().location, '/managedApis/Wdatp')]"
}
}
}
]
}
